,Name,Link,Title,Extension,Page Content,Parent URL
0,Bullying,https://dcps.dc.gov/sites/default/files/dc/sites/dcps/publication/attachments/DCPS Bullying Prevention Policy.pdf,Student/Parent/Visitor Grievance Process | dcps,pdf,"DCPS Comprehensive Alternative Resolution & Equity Team (CARE) The Comprehensive Alternative Resolution & Equity (CARE) Team is responsible for receiving claims of discrimination, sexual harassment, bullying, or any unfair treatment a student, parent or visitor encounters at a DC Public School. The CARE team collaborates with school staff to resolve issues in a timely, equitable and comprehensive manner. #DCPSCARES",https://dcps.dc.gov/page/studentparentvisitor-grievance-process
1,Sexual Misconduct,https://dcps.dc.gov/sites/default/files/dc/sites/dcps/publication/attachments/Download%20DCPS%E2%80%99%20Non-Retaliation%20Policy.pdf,Student/Parent/Visitor Grievance Process | dcps,pdf,"DCPS Comprehensive Alternative Resolution & Equity Team (CARE) The Comprehensive Alternative Resolution & Equity (CARE) Team is responsible for receiving claims of discrimination, sexual harassment, bullying, or any unfair treatment a student, parent or visitor encounters at a DC Public School. The CARE team collaborates with school staff to resolve issues in a timely, equitable and comprehensive manner. #DCPSCARES",https://dcps.dc.gov/page/studentparentvisitor-grievance-process
2,Transgender and Gender-Nonconforming,https://dcps.dc.gov/sites/default/files/dc/sites/dcps/publication/attachments/DCPS Transgender Gender Non Conforming Policy Guidance.pdf,Student/Parent/Visitor Grievance Process | dcps,pdf,"DCPS Comprehensive Alternative Resolution & Equity Team (CARE) The Comprehensive Alternative Resolution & Equity (CARE) Team is responsible for receiving claims of discrimination, sexual harassment, bullying, or any unfair treatment a student, parent or visitor encounters at a DC Public School. The CARE team collaborates with school staff to resolve issues in a timely, equitable and comprehensive manner. #DCPSCARES",https://dcps.dc.gov/page/studentparentvisitor-grievance-process
3,English,https://dcps.dc.gov/sites/default/files/dc/sites/dcps/page_content/attachments/DCPS-notice-of-nondiscrimination-Feb-22-Title-IX-Coordinator.pdf,DCPS Career Opportunities | dcps,pdf,"We’re on a mission: to defy expectations about what urban schools and students can achieve, and to make DCPS a model for public education nationwide. What role will you play?",https://dcps.dc.gov/page/dcps-career-opportunities
4,this document,/sites/default/files/dc/sites/dcps/page_content/attachments/How-DCPS-Schedules-the-Calendar_Final-2021.pdf,DCPS Calendars | dcps,pdf,"Use the DCPS Events Calendar to search and plan for school closures, spring and winter break dates, teacher professional development days and other special events.",https://dcps.dc.gov/page/dcps-calendars
5,este documento,/sites/default/files/dc/sites/dcps/page_content/attachments/How-DCPS-Schedules-the-Calendar-Final_Spanish.pdf,DCPS Calendars | dcps,pdf,"Use the DCPS Events Calendar to search and plan for school closures, spring and winter break dates, teacher professional development days and other special events.",https://dcps.dc.gov/page/dcps-calendars
6,Guía para los padres sobre el acceso a información en su idioma,/sites/default/files/dc/sites/dcps/page_content/attachments/Language-Access-Brochure.pdf,DCPS en Español | dcps,pdf,"This page contains information about DCPS services for Spanish speakers. ¡Las DCPS hablan su idioma! Bienvenidos a las Escuelas Públicas del Distrito de Columbia (DCPS). Cuando nos llama por teléfono o nos visita, un miembro del personal puede ayudarlo en su idioma con un intérprete en persona o por teléfono, sin costo para usted.",https://dcps.dc.gov/node/978212
7,Resource List - Talking With Your Child About Race,https://dcps.dc.gov/sites/default/files/dc/sites/dcps/page_content/attachments/Parent-University-Resource-List-Talking-With-Your-Child-About-Race.pdf,Parent University | dcps,pdf,"DCPS Parent University is a workshop series for families facilitated by the Communications and Engagement Office. Each session is designed to help families play their important role in supporting student learning and growth. The workshops are an opportunity for families to share strategies and learn new ones from each other and DCPS Central Office teams. At the end of each session, families should walk away with answers to the following questions:",https://dcps.dc.gov/page/parent-university
8,A Parent's Guide to Section 504 - Supports for Students with Disabilities,https://dcps.dc.gov/sites/default/files/dc/sites/dcps/page_content/attachments/A-Parents-Guide-to-Section-504_Supports_for_Students_with_Disabilities.pdf,Parent University | dcps,pdf,"DCPS Parent University is a workshop series for families facilitated by the Communications and Engagement Office. Each session is designed to help families play their important role in supporting student learning and growth. The workshops are an opportunity for families to share strategies and learn new ones from each other and DCPS Central Office teams. At the end of each session, families should walk away with answers to the following questions:",https://dcps.dc.gov/page/parent-university
9,አማርኛ,https://dcps.dc.gov/sites/default/files/dc/sites/dcps/page_content/attachments/Panorama%20Student%20Survey%20Grades%206-12%20Fall%202022_Amharic_0.pdf,Panorama Survey | dcps,pdf,The Panorama Spring 2023 Surveys for families and students is open NOW through March 31! Families: Take the survey at bit.ly/dcpsfamily. ,https://dcps.dc.gov/surveys
10,中文,https://dcps.dc.gov/sites/default/files/dc/sites/dcps/page_content/attachments/Panorama%20Student%20Survey%20Grades%206-12%20Fall%202022_Chinese_0.pdf,Panorama Survey | dcps,pdf,The Panorama Spring 2023 Surveys for families and students is open NOW through March 31! Families: Take the survey at bit.ly/dcpsfamily. ,https://dcps.dc.gov/surveys
11,Español,https://dcps.dc.gov/sites/default/files/dc/sites/dcps/page_content/attachments/Panorama%20Student%20Survey%20Grades%206-12%20Fall%202022_Spanish_0.pdf,Panorama Survey | dcps,pdf,The Panorama Spring 2023 Surveys for families and students is open NOW through March 31! Families: Take the survey at bit.ly/dcpsfamily. ,https://dcps.dc.gov/surveys
12,English,https://dcps.dc.gov/sites/default/files/dc/sites/dcps/page_content/attachments/Panorama%20Student%20Survey%20Grades%206-12%20Fall%202022_English_0.pdf,Panorama Survey | dcps,pdf,The Panorama Spring 2023 Surveys for families and students is open NOW through March 31! Families: Take the survey at bit.ly/dcpsfamily. ,https://dcps.dc.gov/surveys
13,2022 Panorama Survey Report,https://dcps.dc.gov/sites/default/files/dc/sites/dcps/page_content/attachments/Panorama%20Spring%202022%20Public%20Report.pdf,Panorama Survey | dcps,pdf,The Panorama Spring 2023 Surveys for families and students is open NOW through March 31! Families: Take the survey at bit.ly/dcpsfamily. ,https://dcps.dc.gov/surveys
14,Survey Guide for Families,https://dcps.dc.gov/sites/default/files/dc/sites/dcps/page_content/attachments/Family_Panorama_Survey_Guide.pdf,Panorama Survey | dcps,pdf,The Panorama Spring 2023 Surveys for families and students is open NOW through March 31! Families: Take the survey at bit.ly/dcpsfamily. ,https://dcps.dc.gov/surveys
15,Survey Guide for Students,/sites/default/files/dc/sites/dcps/page_content/attachments/Student-Panorama-Survey-Guide.pdf,Panorama Survey | dcps,pdf,The Panorama Spring 2023 Surveys for families and students is open NOW through March 31! Families: Take the survey at bit.ly/dcpsfamily. ,https://dcps.dc.gov/surveys
16,Survey Guide for Teachers and Staff,/sites/default/files/dc/sites/dcps/page_content/attachments/Teacher-Staff-Panorama-Survey-Guide.pdf,Panorama Survey | dcps,pdf,The Panorama Spring 2023 Surveys for families and students is open NOW through March 31! Families: Take the survey at bit.ly/dcpsfamily. ,https://dcps.dc.gov/surveys
17,Spring 2022 Panorama Survey Report,https://dcps.dc.gov/sites/default/files/dc/sites/dcps/page_content/attachments/Panorama%20Spring%202022%20Public%20Report.pdf,Panorama Survey | dcps,pdf,The Panorama Spring 2023 Surveys for families and students is open NOW through March 31! Families: Take the survey at bit.ly/dcpsfamily. ,https://dcps.dc.gov/surveys
18,2021 Panorama Survey Report,/sites/default/files/dc/sites/dcps/page_content/attachments/Spring-2021-Panorama-Report.pdf,Panorama Survey | dcps,pdf,The Panorama Spring 2023 Surveys for families and students is open NOW through March 31! Families: Take the survey at bit.ly/dcpsfamily. ,https://dcps.dc.gov/surveys
19,2019 Panorama Survey Report,https://dcps.dc.gov/sites/default/files/dc/sites/dcps/page_content/attachments/2019-Panorama-Survey-Report-FINAL.pdf,Panorama Survey | dcps,pdf,The Panorama Spring 2023 Surveys for families and students is open NOW through March 31! Families: Take the survey at bit.ly/dcpsfamily. ,https://dcps.dc.gov/surveys
20,2018 Panorama Survey Report,https://dcps.dc.gov/sites/default/files/dc/sites/dcps/page_content/attachments/2018PanoramaSurveyReport_0.pdf,Panorama Survey | dcps,pdf,The Panorama Spring 2023 Surveys for families and students is open NOW through March 31! Families: Take the survey at bit.ly/dcpsfamily. ,https://dcps.dc.gov/surveys
21,About the Panorama Surveys,/sites/default/files/dc/sites/dcps/page_content/attachments/About-the-Panorama-Surveys.pdf,Panorama Survey | dcps,pdf,The Panorama Spring 2023 Surveys for families and students is open NOW through March 31! Families: Take the survey at bit.ly/dcpsfamily. ,https://dcps.dc.gov/surveys
22,2017 Stakeholder Survey Report,https://dcps.dc.gov/sites/default/files/dc/sites/dcps/page_content/attachments/2017StakeholderSurveyReportFinal.pdf,Panorama Survey | dcps,pdf,The Panorama Spring 2023 Surveys for families and students is open NOW through March 31! Families: Take the survey at bit.ly/dcpsfamily. ,https://dcps.dc.gov/surveys
23,2016 Stakeholder Survey Report,https://dcps.dc.gov/sites/default/files/dc/sites/dcps/page_content/attachments/2016StakeholderSurveyReport.pdf,Panorama Survey | dcps,pdf,The Panorama Spring 2023 Surveys for families and students is open NOW through March 31! Families: Take the survey at bit.ly/dcpsfamily. ,https://dcps.dc.gov/surveys
24,2015 Stakeholder Survey Report,https://dcps.dc.gov/sites/default/files/dc/sites/dcps/page_content/attachments/2015StakeholderSurveyReportFINAL.pdf,Panorama Survey | dcps,pdf,The Panorama Spring 2023 Surveys for families and students is open NOW through March 31! Families: Take the survey at bit.ly/dcpsfamily. ,https://dcps.dc.gov/surveys
25,2014 Stakeholder Survey Report,https://dcps.dc.gov/sites/default/files/dc/sites/dcps/page_content/attachments/2014StakeholderSurveyReportFINAL.pdf,Panorama Survey | dcps,pdf,The Panorama Spring 2023 Surveys for families and students is open NOW through March 31! Families: Take the survey at bit.ly/dcpsfamily. ,https://dcps.dc.gov/surveys
26,2013 Stakeholder Survey Report,https://dcps.dc.gov/sites/default/files/dc/sites/dcps/page_content/attachments/2013StudentSurveyReportFINAL.pdf,Panorama Survey | dcps,pdf,The Panorama Spring 2023 Surveys for families and students is open NOW through March 31! Families: Take the survey at bit.ly/dcpsfamily. ,https://dcps.dc.gov/surveys
27,2011 Stakeholder Survey Report,https://dcps.dc.gov/sites/default/files/dc/sites/dcps/page_content/attachments/DCPS%20District%20Level%20Report%20FINAL%20102011.pdf,Panorama Survey | dcps,pdf,The Panorama Spring 2023 Surveys for families and students is open NOW through March 31! Families: Take the survey at bit.ly/dcpsfamily. ,https://dcps.dc.gov/surveys
28,2019 Panorama Survey Aggregate Data,https://dcps.dc.gov/sites/default/files/dc/sites/dcps/page_content/attachments/Website-Data-for-Panorama-SY18-19.xlsx,Panorama Survey | dcps,xlsx,The Panorama Spring 2023 Surveys for families and students is open NOW through March 31! Families: Take the survey at bit.ly/dcpsfamily. ,https://dcps.dc.gov/surveys
29,2018 Panorama Survey Aggregate Data,https://dcps.dc.gov/sites/default/files/dc/sites/dcps/page_content/attachments/2018%20Aggregate%20Data.xlsx,Panorama Survey | dcps,xlsx,The Panorama Spring 2023 Surveys for families and students is open NOW through March 31! Families: Take the survey at bit.ly/dcpsfamily. ,https://dcps.dc.gov/surveys
30,2017 Stakeholder Survey Aggregate Data,https://dcps.dc.gov/sites/default/files/dc/sites/dcps/page_content/attachments/2017%20Aggregate%20Survey%20Results.xlsx,Panorama Survey | dcps,xlsx,The Panorama Spring 2023 Surveys for families and students is open NOW through March 31! Families: Take the survey at bit.ly/dcpsfamily. ,https://dcps.dc.gov/surveys
31,2016 Stakeholder Survey Aggregate Data,https://dcps.dc.gov/sites/default/files/dc/sites/dcps/page_content/attachments/2016%20Aggregate%20Survey%20Results.xlsx,Panorama Survey | dcps,xlsx,The Panorama Spring 2023 Surveys for families and students is open NOW through March 31! Families: Take the survey at bit.ly/dcpsfamily. ,https://dcps.dc.gov/surveys
32,Language Access Brochure for Families,/sites/default/files/dc/sites/dcps/page_content/attachments/Language-Access-Brochure.pdf,Language Access for Families | dcps,pdf,"Access and equity, in your language! Mission DCPS strives to ensure that all parents are given a meaningful opportunity to participate in their child’s education program. DCPS students and their families communicate in over 120 different languages. DCPS has a Language Access Unit to ensure the provision of appropriate translation and interpretation services for limited English proficient (LEP) individuals in accordance with the DC Language Access Act.",https://dcps.dc.gov/page/language-access-families
33,Full Page Translation - Amharic,https://dcps.dc.gov/sites/default/files/dc/sites/dcps/page_content/attachments/CIO%20Full%20Page%20Translation%20-%20Amharic.pdf,Office of Integrity | dcps,pdf,"The Chief Integrity Officer (CIO), serving as the Chancellor’s designee, works with staff, students, parents, and the greater community to ensure the integrity and strong practices of DC Public Schools by addressing stakeholder concerns for mediation or resolution. DCPS is committed to serving every student with equity, excellence, transparency, and accountability. The CIO:",https://dcps.dc.gov/page/office-integrity
34,Frequently Asked Questions - Amharic,https://dcps.dc.gov/sites/default/files/dc/sites/dcps/page_content/attachments/Amharic%20Frequently%20Asked%20Questions_OOI.pdf,Office of Integrity | dcps,pdf,"The Chief Integrity Officer (CIO), serving as the Chancellor’s designee, works with staff, students, parents, and the greater community to ensure the integrity and strong practices of DC Public Schools by addressing stakeholder concerns for mediation or resolution. DCPS is committed to serving every student with equity, excellence, transparency, and accountability. The CIO:",https://dcps.dc.gov/page/office-integrity
35,Online Referral Form - Amharic,https://dcps.dc.gov/sites/default/files/dc/sites/dcps/page_content/attachments/Amharic%20OOI%20Online%20Referral%20Form.pdf,Office of Integrity | dcps,pdf,"The Chief Integrity Officer (CIO), serving as the Chancellor’s designee, works with staff, students, parents, and the greater community to ensure the integrity and strong practices of DC Public Schools by addressing stakeholder concerns for mediation or resolution. DCPS is committed to serving every student with equity, excellence, transparency, and accountability. The CIO:",https://dcps.dc.gov/page/office-integrity
36,Full Page Translation - Chinese,https://dcps.dc.gov/sites/default/files/dc/sites/dcps/page_content/attachments/CIO%20Full%20Page%20Translation%20-%20Chinese.pdf,Office of Integrity | dcps,pdf,"The Chief Integrity Officer (CIO), serving as the Chancellor’s designee, works with staff, students, parents, and the greater community to ensure the integrity and strong practices of DC Public Schools by addressing stakeholder concerns for mediation or resolution. DCPS is committed to serving every student with equity, excellence, transparency, and accountability. The CIO:",https://dcps.dc.gov/page/office-integrity
37,Frequently Asked Questions - Chinese,https://dcps.dc.gov/sites/default/files/dc/sites/dcps/page_content/attachments/Chinese%20Frequently%20Asked%20Questions_OOI.pdf,Office of Integrity | dcps,pdf,"The Chief Integrity Officer (CIO), serving as the Chancellor’s designee, works with staff, students, parents, and the greater community to ensure the integrity and strong practices of DC Public Schools by addressing stakeholder concerns for mediation or resolution. DCPS is committed to serving every student with equity, excellence, transparency, and accountability. The CIO:",https://dcps.dc.gov/page/office-integrity
38,Online Referral Form - Chinese,https://dcps.dc.gov/sites/default/files/dc/sites/dcps/page_content/attachments/Chinese%20OOI%20Online%20Referral%20Form.pdf,Office of Integrity | dcps,pdf,"The Chief Integrity Officer (CIO), serving as the Chancellor’s designee, works with staff, students, parents, and the greater community to ensure the integrity and strong practices of DC Public Schools by addressing stakeholder concerns for mediation or resolution. DCPS is committed to serving every student with equity, excellence, transparency, and accountability. The CIO:",https://dcps.dc.gov/page/office-integrity
39,Full Page Translation - French,https://dcps.dc.gov/sites/default/files/dc/sites/dcps/page_content/attachments/Full%20Page%20Translation%20-%20French.pdf,Office of Integrity | dcps,pdf,"The Chief Integrity Officer (CIO), serving as the Chancellor’s designee, works with staff, students, parents, and the greater community to ensure the integrity and strong practices of DC Public Schools by addressing stakeholder concerns for mediation or resolution. DCPS is committed to serving every student with equity, excellence, transparency, and accountability. The CIO:",https://dcps.dc.gov/page/office-integrity
40,Frequently Asked Questions - French,https://dcps.dc.gov/sites/default/files/dc/sites/dcps/page_content/attachments/Frequently%20Asked%20Questions%20-%20French.pdf,Office of Integrity | dcps,pdf,"The Chief Integrity Officer (CIO), serving as the Chancellor’s designee, works with staff, students, parents, and the greater community to ensure the integrity and strong practices of DC Public Schools by addressing stakeholder concerns for mediation or resolution. DCPS is committed to serving every student with equity, excellence, transparency, and accountability. The CIO:",https://dcps.dc.gov/page/office-integrity
41,Online Referral Form - French,https://dcps.dc.gov/sites/default/files/dc/sites/dcps/page_content/attachments/Online%20Referral%20Form%20-%20French.pdf,Office of Integrity | dcps,pdf,"The Chief Integrity Officer (CIO), serving as the Chancellor’s designee, works with staff, students, parents, and the greater community to ensure the integrity and strong practices of DC Public Schools by addressing stakeholder concerns for mediation or resolution. DCPS is committed to serving every student with equity, excellence, transparency, and accountability. The CIO:",https://dcps.dc.gov/page/office-integrity
42,Full Page Translation - Spanish,https://dcps.dc.gov/sites/default/files/dc/sites/dcps/page_content/attachments/CIO%20Full%20Page%20Translation%20-%20Spanish.pdf,Office of Integrity | dcps,pdf,"The Chief Integrity Officer (CIO), serving as the Chancellor’s designee, works with staff, students, parents, and the greater community to ensure the integrity and strong practices of DC Public Schools by addressing stakeholder concerns for mediation or resolution. DCPS is committed to serving every student with equity, excellence, transparency, and accountability. The CIO:",https://dcps.dc.gov/page/office-integrity
43,Frequently Asked Questions - Spanish,https://dcps.dc.gov/sites/default/files/dc/sites/dcps/page_content/attachments/Spanish%20Frequently%20Asked%20Questions%20OOI.pdf,Office of Integrity | dcps,pdf,"The Chief Integrity Officer (CIO), serving as the Chancellor’s designee, works with staff, students, parents, and the greater community to ensure the integrity and strong practices of DC Public Schools by addressing stakeholder concerns for mediation or resolution. DCPS is committed to serving every student with equity, excellence, transparency, and accountability. The CIO:",https://dcps.dc.gov/page/office-integrity
44,Online Referral Form - Spanish,https://dcps.dc.gov/sites/default/files/dc/sites/dcps/page_content/attachments/Spanish%20OOI%20Online%20Referral%20Form.pdf,Office of Integrity | dcps,pdf,"The Chief Integrity Officer (CIO), serving as the Chancellor’s designee, works with staff, students, parents, and the greater community to ensure the integrity and strong practices of DC Public Schools by addressing stakeholder concerns for mediation or resolution. DCPS is committed to serving every student with equity, excellence, transparency, and accountability. The CIO:",https://dcps.dc.gov/page/office-integrity
45,Full Page Translation - Vietnamese,https://dcps.dc.gov/sites/default/files/dc/sites/dcps/page_content/attachments/Vietnamese%20OOI%20Page.pdf,Office of Integrity | dcps,pdf,"The Chief Integrity Officer (CIO), serving as the Chancellor’s designee, works with staff, students, parents, and the greater community to ensure the integrity and strong practices of DC Public Schools by addressing stakeholder concerns for mediation or resolution. DCPS is committed to serving every student with equity, excellence, transparency, and accountability. The CIO:",https://dcps.dc.gov/page/office-integrity
46,Frequently Asked Questions - Vietnamese,https://dcps.dc.gov/sites/default/files/dc/sites/dcps/page_content/attachments/Vietnamese%20Frequently%20Asked%20Questions_OOI.pdf,Office of Integrity | dcps,pdf,"The Chief Integrity Officer (CIO), serving as the Chancellor’s designee, works with staff, students, parents, and the greater community to ensure the integrity and strong practices of DC Public Schools by addressing stakeholder concerns for mediation or resolution. DCPS is committed to serving every student with equity, excellence, transparency, and accountability. The CIO:",https://dcps.dc.gov/page/office-integrity
47,Online Referral Form - Vietnamese,https://dcps.dc.gov/sites/default/files/dc/sites/dcps/page_content/attachments/Vietnamese%20OOI%20Online%20Referral%20Form.pdf,Office of Integrity | dcps,pdf,"The Chief Integrity Officer (CIO), serving as the Chancellor’s designee, works with staff, students, parents, and the greater community to ensure the integrity and strong practices of DC Public Schools by addressing stakeholder concerns for mediation or resolution. DCPS is committed to serving every student with equity, excellence, transparency, and accountability. The CIO:",https://dcps.dc.gov/page/office-integrity
48,Graduation Requirements Policy,https://dcps.dc.gov/sites/default/files/dc/sites/dcps/page_content/attachments/FINAL%20DCPS%20Graduation%20Requirements%20Policy.pdf,DCPS Policies | dcps,pdf,The list below contains the official policies for the District of Columbia Public Schools.,https://dcps.dc.gov/page/dcps-policies
49,Preventing and Addressing Student-on-Student Acts of Sexual Misconduct Policy,/sites/default/files/dc/sites/dcps/page_content/attachments/Preventing-and-Addressing-Student-on-Student-Acts-of-Sexual-Misconduct.pdf,DCPS Policies | dcps,pdf,The list below contains the official policies for the District of Columbia Public Schools.,https://dcps.dc.gov/page/dcps-policies
50,Records Retention Schedule,/sites/default/files/dc/sites/dcps/page_content/attachments/DCPS-Records-Retention-Schedule_2018.pdf,DCPS Policies | dcps,pdf,The list below contains the official policies for the District of Columbia Public Schools.,https://dcps.dc.gov/page/dcps-policies
51,Response to Grievances Filed by Students and the General Public,/sites/default/files/dc/sites/dcps/page_content/attachments/Response-to-Grievances-Filed-by-Students-and-the-General-Public.pdf,DCPS Policies | dcps,pdf,The list below contains the official policies for the District of Columbia Public Schools.,https://dcps.dc.gov/page/dcps-policies
52,School Barring Notice Procedures,/sites/default/files/dc/sites/dcps/page_content/attachments/School_Barring_Notice_Procedures.pdf,DCPS Policies | dcps,pdf,The list below contains the official policies for the District of Columbia Public Schools.,https://dcps.dc.gov/page/dcps-policies
53,Student Promotion Policy,https://dcps.dc.gov/sites/default/files/dc/sites/dcps/page_content/attachments/FINAL%20DCPS%20Student%20Promotion%20Policy.pdf,DCPS Policies | dcps,pdf,The list below contains the official policies for the District of Columbia Public Schools.,https://dcps.dc.gov/page/dcps-policies
54,በቋንቋ እገዛ ማግኛ፣ የወላጅ መመሪያ,/sites/default/files/dc/sites/dcps/page_content/attachments/Language-Access-Brochure.pdf,DCPS in Amharic (አማርኛ) | dcps,pdf,This page contains information about DCPS services for Amharic speakers. DCPS፣ የእናንተን ቋንቋ ይናገራል! እንኳን ወደ ኮሎምብያ ዲስትሪክት የሕዝብ ትምህርት ቤቶች (DCPS) በሰላም መጣችሁ። ስልክ ስትደውሉ ወይም ለመነጋገር ስትመጡ፤ ካለምንም ክፍያ አስተርጓሚ በአካል እንዲቀርብላችሁ እና ከሠራተኛ አባሉ ጋር መነጋገር እንዲችሉ ወይም አስተርጓሚ በስልክ ቀርቦ በቋንቋችሁ እርዳታን እንድታገኙ በማድረግ ያገለግላችኋል። የልጅዎን ትምህርት ቤት፣ ማነጋገር ካስፈለገዎት ወይም ማንኛውንም የDCPS ቢሮን በቋንቋዎ ለማነጋገር፣ እባክዎን ያሳውቁን። የልጅዎን አስተማሪ፣ የትምህርት ቤቱን ርዕሰ መምህር (Principal) ሊያሳውቁዋቸው የሚችሉ ሲሆን፤ ወይም ደግሞ የDCPS የቋንቋ ማግኛ ክፍልን በ(202) 868-6508 ደውለው ማነጋገር ይችላሉ።,https://dcps.dc.gov/node/987382
55,Amharic Dietary Accommodations Forms,https://dcps.dc.gov/sites/default/files/dc/sites/dcps/page_content/attachments/Amharic%20TEMP%20Dietary%20Accommodations%20Forms%20-2015-16.doc%20work%20file.pdf,DCPS in Amharic (አማርኛ) | dcps,pdf,This page contains information about DCPS services for Amharic speakers. DCPS፣ የእናንተን ቋንቋ ይናገራል! እንኳን ወደ ኮሎምብያ ዲስትሪክት የሕዝብ ትምህርት ቤቶች (DCPS) በሰላም መጣችሁ። ስልክ ስትደውሉ ወይም ለመነጋገር ስትመጡ፤ ካለምንም ክፍያ አስተርጓሚ በአካል እንዲቀርብላችሁ እና ከሠራተኛ አባሉ ጋር መነጋገር እንዲችሉ ወይም አስተርጓሚ በስልክ ቀርቦ በቋንቋችሁ እርዳታን እንድታገኙ በማድረግ ያገለግላችኋል። የልጅዎን ትምህርት ቤት፣ ማነጋገር ካስፈለገዎት ወይም ማንኛውንም የDCPS ቢሮን በቋንቋዎ ለማነጋገር፣ እባክዎን ያሳውቁን። የልጅዎን አስተማሪ፣ የትምህርት ቤቱን ርዕሰ መምህር (Principal) ሊያሳውቁዋቸው የሚችሉ ሲሆን፤ ወይም ደግሞ የDCPS የቋንቋ ማግኛ ክፍልን በ(202) 868-6508 ደውለው ማነጋገር ይችላሉ።,https://dcps.dc.gov/node/987382
56,View more information,https://dcps.dc.gov/sites/default/files/dc/sites/dcps/page_content/attachments/2019%20NAEP%20Results_FINAL.pdf,DCPS at a Glance: Performance | dcps,pdf,"National Assessment of Educational Progress (NAEP) Trial Urban District Assessment (TUDA) For the ninth year, DC Public Schools (DCPS) has continued steady growth on the NAEP TUDA, which assesses and compares student performance across urban school districts in large cities.",https://dcps.dc.gov/node/1013812
57,NAEP 2019 Results,https://dcps.dc.gov/sites/default/files/dc/sites/dcps/page_content/attachments/2019%20NAEP%20Results_FINAL.pdf,DCPS at a Glance: Performance | dcps,pdf,"National Assessment of Educational Progress (NAEP) Trial Urban District Assessment (TUDA) For the ninth year, DC Public Schools (DCPS) has continued steady growth on the NAEP TUDA, which assesses and compares student performance across urban school districts in large cities.",https://dcps.dc.gov/node/1013812
58,አማርኛ,https://dcps.dc.gov/sites/default/files/dc/sites/dcps/page_content/attachments/Panorama%20Student%20Survey%20Grades%206-12%20Fall%202022_Amharic_0.pdf,| dcps,pdf,missing,https://dcps.dc.gov/
59,中文,https://dcps.dc.gov/sites/default/files/dc/sites/dcps/page_content/attachments/Panorama%20Student%20Survey%20Grades%206-12%20Fall%202022_Chinese_0.pdf,| dcps,pdf,missing,https://dcps.dc.gov/
60,Español,https://dcps.dc.gov/sites/default/files/dc/sites/dcps/page_content/attachments/Panorama%20Student%20Survey%20Grades%206-12%20Fall%202022_Spanish_0.pdf,| dcps,pdf,missing,https://dcps.dc.gov/
61,English,https://dcps.dc.gov/sites/default/files/dc/sites/dcps/page_content/attachments/Panorama%20Student%20Survey%20Grades%206-12%20Fall%202022_English_0.pdf,| dcps,pdf,missing,https://dcps.dc.gov/
62,2022 Panorama Survey Report,https://dcps.dc.gov/sites/default/files/dc/sites/dcps/page_content/attachments/Panorama%20Spring%202022%20Public%20Report.pdf,| dcps,pdf,missing,https://dcps.dc.gov/
63,Survey Guide for Families,https://dcps.dc.gov/sites/default/files/dc/sites/dcps/page_content/attachments/Family_Panorama_Survey_Guide.pdf,| dcps,pdf,missing,https://dcps.dc.gov/
64,Survey Guide for Students,/sites/default/files/dc/sites/dcps/page_content/attachments/Student-Panorama-Survey-Guide.pdf,| dcps,pdf,missing,https://dcps.dc.gov/
65,Survey Guide for Teachers and Staff,/sites/default/files/dc/sites/dcps/page_content/attachments/Teacher-Staff-Panorama-Survey-Guide.pdf,| dcps,pdf,missing,https://dcps.dc.gov/
66,Spring 2022 Panorama Survey Report,https://dcps.dc.gov/sites/default/files/dc/sites/dcps/page_content/attachments/Panorama%20Spring%202022%20Public%20Report.pdf,| dcps,pdf,missing,https://dcps.dc.gov/
67,2021 Panorama Survey Report,/sites/default/files/dc/sites/dcps/page_content/attachments/Spring-2021-Panorama-Report.pdf,| dcps,pdf,missing,https://dcps.dc.gov/
68,2019 Panorama Survey Report,https://dcps.dc.gov/sites/default/files/dc/sites/dcps/page_content/attachments/2019-Panorama-Survey-Report-FINAL.pdf,| dcps,pdf,missing,https://dcps.dc.gov/
69,2018 Panorama Survey Report,https://dcps.dc.gov/sites/default/files/dc/sites/dcps/page_content/attachments/2018PanoramaSurveyReport_0.pdf,| dcps,pdf,missing,https://dcps.dc.gov/
70,About the Panorama Surveys,/sites/default/files/dc/sites/dcps/page_content/attachments/About-the-Panorama-Surveys.pdf,| dcps,pdf,missing,https://dcps.dc.gov/
71,2017 Stakeholder Survey Report,https://dcps.dc.gov/sites/default/files/dc/sites/dcps/page_content/attachments/2017StakeholderSurveyReportFinal.pdf,| dcps,pdf,missing,https://dcps.dc.gov/
72,2016 Stakeholder Survey Report,https://dcps.dc.gov/sites/default/files/dc/sites/dcps/page_content/attachments/2016StakeholderSurveyReport.pdf,| dcps,pdf,missing,https://dcps.dc.gov/
73,2015 Stakeholder Survey Report,https://dcps.dc.gov/sites/default/files/dc/sites/dcps/page_content/attachments/2015StakeholderSurveyReportFINAL.pdf,| dcps,pdf,missing,https://dcps.dc.gov/
74,2014 Stakeholder Survey Report,https://dcps.dc.gov/sites/default/files/dc/sites/dcps/page_content/attachments/2014StakeholderSurveyReportFINAL.pdf,| dcps,pdf,missing,https://dcps.dc.gov/
75,2013 Stakeholder Survey Report,https://dcps.dc.gov/sites/default/files/dc/sites/dcps/page_content/attachments/2013StudentSurveyReportFINAL.pdf,| dcps,pdf,missing,https://dcps.dc.gov/
76,2011 Stakeholder Survey Report,https://dcps.dc.gov/sites/default/files/dc/sites/dcps/page_content/attachments/DCPS%20District%20Level%20Report%20FINAL%20102011.pdf,| dcps,pdf,missing,https://dcps.dc.gov/
77,2019 Panorama Survey Aggregate Data,https://dcps.dc.gov/sites/default/files/dc/sites/dcps/page_content/attachments/Website-Data-for-Panorama-SY18-19.xlsx,| dcps,xlsx,missing,https://dcps.dc.gov/
78,2018 Panorama Survey Aggregate Data,https://dcps.dc.gov/sites/default/files/dc/sites/dcps/page_content/attachments/2018%20Aggregate%20Data.xlsx,| dcps,xlsx,missing,https://dcps.dc.gov/
79,2017 Stakeholder Survey Aggregate Data,https://dcps.dc.gov/sites/default/files/dc/sites/dcps/page_content/attachments/2017%20Aggregate%20Survey%20Results.xlsx,| dcps,xlsx,missing,https://dcps.dc.gov/
80,2016 Stakeholder Survey Aggregate Data,https://dcps.dc.gov/sites/default/files/dc/sites/dcps/page_content/attachments/2016%20Aggregate%20Survey%20Results.xlsx,| dcps,xlsx,missing,https://dcps.dc.gov/
81,2020-2021 Continuous Education Plan,/sites/default/files/dc/sites/dcps/page_content/attachments/DCPS_2020-2021_CEP.pdf,Continuous Education Plan (CEP) | dcps,pdf,"DCPS is committed to a strong foundation for our road to recovery, following the vision of Mayor Muriel Bowser, working in partnership with DC Council, and collaborating across the city with partners and stakeholders. The Office of the State Superintendent of Education (OSSE) requires all local education agencies (LEAs) to develop Continuous Education Plans (CEPs) for the 2022-23 school year in order to communicate to OSSE and the public their plan for supporting situational preparedness, student and staff well-being and accelerated learning.",https://dcps.dc.gov/page/continuous-education-plan-cep
82,2021-2022 Continuous Education Plan,/sites/default/files/dc/sites/dcps/page_content/attachments/DCPS-2021-2022-CEP-April-2022-Update.pdf,Continuous Education Plan (CEP) | dcps,pdf,"DCPS is committed to a strong foundation for our road to recovery, following the vision of Mayor Muriel Bowser, working in partnership with DC Council, and collaborating across the city with partners and stakeholders. The Office of the State Superintendent of Education (OSSE) requires all local education agencies (LEAs) to develop Continuous Education Plans (CEPs) for the 2022-23 school year in order to communicate to OSSE and the public their plan for supporting situational preparedness, student and staff well-being and accelerated learning.",https://dcps.dc.gov/page/continuous-education-plan-cep
83,What people are saying about Chancellor Dr. Lewis D. Ferebee,https://dcps.dc.gov/sites/default/files/dc/sites/dcps/biography_content/attachments/What%20People%20Are%20Saying%20About%20Chancellor%20Lewis%20D%20Ferebee.pdf,Dr. Lewis Ferebee | dcps,pdf,"""DCPS has made remarkable progress over the past 10 years. For DCPS’ next phase of excellence, every student from Pre-K to 12th grade should have a high-quality education that prepares them to take advantage of the growth and opportunity in our thriving city.""",https://dcps.dc.gov/biography/dr-lewis-ferebee
84,DCPS Selective High School Admissions Requirements and Processes - English,https://dcps.dc.gov/sites/default/files/dc/sites/dcps/page_content/attachments/SY20-21-DCPS-Selective-High-Schools-Application-Update-English.pdf,High School Academic Standards | dcps,pdf,"Friday, March 3, 2023 Common Core Standards The Common Core is a set of nationally recognized academic standards in mathematics and English language arts/literacy. These learning goals outline what a student should know and be able to do at the end of each grade. The standards were created to ensure that all students graduate from high school with the skills and knowledge necessary to succeed in college, career, and life, regardless of where they live.",https://dcps.dc.gov/page/high-school-academic-standards
85,DCPS Selective High School Admissions Requirements and Processes - Spanish,https://dcps.dc.gov/sites/default/files/dc/sites/dcps/page_content/attachments/SY20-21-DCPS-Selective-High-Schools-Application-Update-Spanish.pdf,High School Academic Standards | dcps,pdf,"Friday, March 3, 2023 Common Core Standards The Common Core is a set of nationally recognized academic standards in mathematics and English language arts/literacy. These learning goals outline what a student should know and be able to do at the end of each grade. The standards were created to ensure that all students graduate from high school with the skills and knowledge necessary to succeed in college, career, and life, regardless of where they live.",https://dcps.dc.gov/page/high-school-academic-standards
86,Design Lab Overview,https://dcps.dc.gov/sites/default/files/dc/sites/dcps/page_content/attachments/Design%20Lab%20Overview.pdf,Design Lab | dcps,pdf,"Overview As part of the DCPS Strategic Plan, the Design Lab launched in January 2018 to provide forward-thinking school leaders and their teams with the network, resources, and support they need to boldly reimagine their schools. The Design Lab is grounded in human-centered design practices and the belief that individual school communities are uniquely positioned to respond to the needs of their students furthest from opportunity.",https://dcps.dc.gov/page/design-lab
87,Redesign Overview,https://dcps.dc.gov/sites/default/files/dc/sites/dcps/page_content/attachments/Redesign_Overview.pdf,Design Lab | dcps,pdf,"Overview As part of the DCPS Strategic Plan, the Design Lab launched in January 2018 to provide forward-thinking school leaders and their teams with the network, resources, and support they need to boldly reimagine their schools. The Design Lab is grounded in human-centered design practices and the belief that individual school communities are uniquely positioned to respond to the needs of their students furthest from opportunity.",https://dcps.dc.gov/page/design-lab
88,DCPS Process and Requirements to Conduct Research or Obtain Confidential Data,/sites/default/files/dc/sites/dcps/page_content/attachments/DCPS_Process_Requirements_Conduct_Research_Obtain_Confidential_Data-92021.pdf,Conduct Research or Obtain Confidential Data at DCPS | dcps,pdf,"Thank you for your interest in conducting research in DC Public Schools! We want to make DCPS the best urban school district in the country. To this end, we welcome high-quality research in DCPS. We strive to create favorable conditions for research while respecting instructional time and individual privacy.  For existing publicly available data sets, visit dcps.dc.gov/service/dcps-downloadable-data-sets.",https://dcps.dc.gov/node/1078112
89,cover sheet,/sites/default/files/dc/sites/dcps/page_content/attachments/Cover-Sheet_2021.docx,Conduct Research or Obtain Confidential Data at DCPS | dcps,docx,"Thank you for your interest in conducting research in DC Public Schools! We want to make DCPS the best urban school district in the country. To this end, we welcome high-quality research in DCPS. We strive to create favorable conditions for research while respecting instructional time and individual privacy.  For existing publicly available data sets, visit dcps.dc.gov/service/dcps-downloadable-data-sets.",https://dcps.dc.gov/node/1078112
90,Cover Sheet,/sites/default/files/dc/sites/dcps/page_content/attachments/Cover-Sheet_2021.docx,Conduct Research or Obtain Confidential Data at DCPS | dcps,docx,"Thank you for your interest in conducting research in DC Public Schools! We want to make DCPS the best urban school district in the country. To this end, we welcome high-quality research in DCPS. We strive to create favorable conditions for research while respecting instructional time and individual privacy.  For existing publicly available data sets, visit dcps.dc.gov/service/dcps-downloadable-data-sets.",https://dcps.dc.gov/node/1078112
91,DCPS Here For You,https://dcps.dc.gov/sites/default/files/dc/sites/dcps/service_content/attachments/DCPS-HERE-FOR-YOU-Mental-Health-Document-FINAL.pdf,School Mental Health | dcps,pdf,"District of Columbia Public Schools (DCPS) consists of diverse and equitable school communities that are dedicated to academic excellence and the social-emotional well-being of all students. Our organization fosters caring and healthy learning environments that are responsive to each student in collaboration with families and the community. Our mission is for DCPS to become a trauma-responsive, healing-centered school district that creates learning environments within our schools that acknowledge and address the impact of trauma on student/school success by: ​",https://dcps.dc.gov/service/school-mental-health
92,Mental Health Referral Form,https://dcps.dc.gov/sites/default/files/dc/sites/dcps/service_content/attachments/DCPS%20Referral%20Form%20Student%20Mental%20Health.pdf,School Mental Health | dcps,pdf,"District of Columbia Public Schools (DCPS) consists of diverse and equitable school communities that are dedicated to academic excellence and the social-emotional well-being of all students. Our organization fosters caring and healthy learning environments that are responsive to each student in collaboration with families and the community. Our mission is for DCPS to become a trauma-responsive, healing-centered school district that creates learning environments within our schools that acknowledge and address the impact of trauma on student/school success by: ​",https://dcps.dc.gov/service/school-mental-health
93,Student Self-Referral Form,https://dcps.dc.gov/sites/default/files/dc/sites/dcps/service_content/attachments/DCPS%20Student%20Self-Referral%20Form%20Mental%20Health.pdf,School Mental Health | dcps,pdf,"District of Columbia Public Schools (DCPS) consists of diverse and equitable school communities that are dedicated to academic excellence and the social-emotional well-being of all students. Our organization fosters caring and healthy learning environments that are responsive to each student in collaboration with families and the community. Our mission is for DCPS to become a trauma-responsive, healing-centered school district that creates learning environments within our schools that acknowledge and address the impact of trauma on student/school success by: ​",https://dcps.dc.gov/service/school-mental-health
94,School Mental Health Referral Process,https://dcps.dc.gov/sites/default/files/dc/sites/dcps/service_content/attachments/School-Mental-Health-Referral-Proccess.pdf,School Mental Health | dcps,pdf,"District of Columbia Public Schools (DCPS) consists of diverse and equitable school communities that are dedicated to academic excellence and the social-emotional well-being of all students. Our organization fosters caring and healthy learning environments that are responsive to each student in collaboration with families and the community. Our mission is for DCPS to become a trauma-responsive, healing-centered school district that creates learning environments within our schools that acknowledge and address the impact of trauma on student/school success by: ​",https://dcps.dc.gov/service/school-mental-health
95,DCPS Educator Wellness Toolkit,https://dcps.dc.gov/sites/default/files/dc/sites/dcps/service_content/attachments/EducatorWellnessToolkit.pdf,School Mental Health | dcps,pdf,"District of Columbia Public Schools (DCPS) consists of diverse and equitable school communities that are dedicated to academic excellence and the social-emotional well-being of all students. Our organization fosters caring and healthy learning environments that are responsive to each student in collaboration with families and the community. Our mission is for DCPS to become a trauma-responsive, healing-centered school district that creates learning environments within our schools that acknowledge and address the impact of trauma on student/school success by: ​",https://dcps.dc.gov/service/school-mental-health
96,Child Find Guidelines,https://dcps.dc.gov/sites/default/files/dc/sites/dcps/page_content/attachments/ChildFindGuidelines-Version02-Final2-26-20.pdf,Special Education | dcps,pdf,"DC Public Schools aspires be a model district for special education. Our goal is to provide high quality inclusion and special education services, and to dramatically improve academic outcomes for students with disabilities. Our four strategic goals are to:",https://dcps.dc.gov/specialeducation
97,Credit Recovery Overview,https://dcps.dc.gov/sites/default/files/dc/sites/dcps/page_content/attachments/Credit%20Recovery%20Overview%20FINAL%20%281%29_0.pdf,Pre-K to Graduation Policies | dcps,pdf,"At DC Public Schools (DCPS), we know that students excel when families, educators, school staff, and community members work together. Our policies and implementation guides set clear expectations about the standards of excellence, as well as what supports DCPS will provide along the way. The Pre-K to Graduation: A Policy Guide for Families provides answers to frequently asked questions about topics including attendance, discipline, grading and promotion, credit recovery, and graduation.",https://dcps.dc.gov/prektograduation
98,Credit Recovery Policy,https://dcps.dc.gov/sites/default/files/dc/sites/dcps/page_content/attachments/DCPS%20Credit%20Recovery%20Policy_Final%20August%202022.pdf,Pre-K to Graduation Policies | dcps,pdf,"At DC Public Schools (DCPS), we know that students excel when families, educators, school staff, and community members work together. Our policies and implementation guides set clear expectations about the standards of excellence, as well as what supports DCPS will provide along the way. The Pre-K to Graduation: A Policy Guide for Families provides answers to frequently asked questions about topics including attendance, discipline, grading and promotion, credit recovery, and graduation.",https://dcps.dc.gov/prektograduation
99,DCPS Graduation Requirements Policy,https://dcps.dc.gov/sites/default/files/dc/sites/dcps/page_content/attachments/FINAL%20DCPS%20Graduation%20Requirements%20Policy.pdf,Pre-K to Graduation Policies | dcps,pdf,"At DC Public Schools (DCPS), we know that students excel when families, educators, school staff, and community members work together. Our policies and implementation guides set clear expectations about the standards of excellence, as well as what supports DCPS will provide along the way. The Pre-K to Graduation: A Policy Guide for Families provides answers to frequently asked questions about topics including attendance, discipline, grading and promotion, credit recovery, and graduation.",https://dcps.dc.gov/prektograduation
100,Secondary Grading and Reporting Policy *Updated Aug. 2021*,https://dcps.dc.gov/sites/default/files/dc/sites/dcps/page_content/attachments/Secondary-Grading-and-Reporting-Policy-8621.pdf,Pre-K to Graduation Policies | dcps,pdf,"At DC Public Schools (DCPS), we know that students excel when families, educators, school staff, and community members work together. Our policies and implementation guides set clear expectations about the standards of excellence, as well as what supports DCPS will provide along the way. The Pre-K to Graduation: A Policy Guide for Families provides answers to frequently asked questions about topics including attendance, discipline, grading and promotion, credit recovery, and graduation.",https://dcps.dc.gov/prektograduation
101,DCPS Student Promotion Policy,https://dcps.dc.gov/sites/default/files/dc/sites/dcps/page_content/attachments/FINAL%20DCPS%20Student%20Promotion%20Policy.pdf,Pre-K to Graduation Policies | dcps,pdf,"At DC Public Schools (DCPS), we know that students excel when families, educators, school staff, and community members work together. Our policies and implementation guides set clear expectations about the standards of excellence, as well as what supports DCPS will provide along the way. The Pre-K to Graduation: A Policy Guide for Families provides answers to frequently asked questions about topics including attendance, discipline, grading and promotion, credit recovery, and graduation.",https://dcps.dc.gov/prektograduation
102,Attendance and Truancy Policy: School Year 2021-22 *Updated Aug. 2021,https://dcps.dc.gov/sites/default/files/dc/sites/dcps/page_content/attachments/Attendance-and-Truancy-Policy-SY%202021-22.pdf,Pre-K to Graduation Policies | dcps,pdf,"At DC Public Schools (DCPS), we know that students excel when families, educators, school staff, and community members work together. Our policies and implementation guides set clear expectations about the standards of excellence, as well as what supports DCPS will provide along the way. The Pre-K to Graduation: A Policy Guide for Families provides answers to frequently asked questions about topics including attendance, discipline, grading and promotion, credit recovery, and graduation.",https://dcps.dc.gov/prektograduation
103,Pre-K to Graduation: A Policy Guide For Families: English,https://dcps.dc.gov/sites/default/files/dc/sites/dcps/page_content/attachments/Pre-KtoGraduation-APolicyGuideforFamilies-English.pdf,Pre-K to Graduation Policies | dcps,pdf,"At DC Public Schools (DCPS), we know that students excel when families, educators, school staff, and community members work together. Our policies and implementation guides set clear expectations about the standards of excellence, as well as what supports DCPS will provide along the way. The Pre-K to Graduation: A Policy Guide for Families provides answers to frequently asked questions about topics including attendance, discipline, grading and promotion, credit recovery, and graduation.",https://dcps.dc.gov/prektograduation
104,Pre-K to Graduation: A Policy Guide For Families: Amharic,https://dcps.dc.gov/sites/default/files/dc/sites/dcps/page_content/attachments/Pre-KtoGraduation-APolicyGuideforFamilies-Amharic.pdf,Pre-K to Graduation Policies | dcps,pdf,"At DC Public Schools (DCPS), we know that students excel when families, educators, school staff, and community members work together. Our policies and implementation guides set clear expectations about the standards of excellence, as well as what supports DCPS will provide along the way. The Pre-K to Graduation: A Policy Guide for Families provides answers to frequently asked questions about topics including attendance, discipline, grading and promotion, credit recovery, and graduation.",https://dcps.dc.gov/prektograduation
105,Pre-K to Graduation: A Policy Guide For Families: Chinese,https://dcps.dc.gov/sites/default/files/dc/sites/dcps/page_content/attachments/Pre-KtoGraduation-APolicyGuideforFamilies-Chinese.pdf,Pre-K to Graduation Policies | dcps,pdf,"At DC Public Schools (DCPS), we know that students excel when families, educators, school staff, and community members work together. Our policies and implementation guides set clear expectations about the standards of excellence, as well as what supports DCPS will provide along the way. The Pre-K to Graduation: A Policy Guide for Families provides answers to frequently asked questions about topics including attendance, discipline, grading and promotion, credit recovery, and graduation.",https://dcps.dc.gov/prektograduation
106,Pre-K to Graduation: A Policy Guide For Families: French,https://dcps.dc.gov/sites/default/files/dc/sites/dcps/page_content/attachments/Pre-KtoGraduation-APolicyGuideforFamilies-French.pdf,Pre-K to Graduation Policies | dcps,pdf,"At DC Public Schools (DCPS), we know that students excel when families, educators, school staff, and community members work together. Our policies and implementation guides set clear expectations about the standards of excellence, as well as what supports DCPS will provide along the way. The Pre-K to Graduation: A Policy Guide for Families provides answers to frequently asked questions about topics including attendance, discipline, grading and promotion, credit recovery, and graduation.",https://dcps.dc.gov/prektograduation
107,Pre-K to Graduation: A Policy Guide For Families: Spanish,https://dcps.dc.gov/sites/default/files/dc/sites/dcps/page_content/attachments/Pre-KtoGraduation-APolicyGuideforFamilies-Spanish.pdf,Pre-K to Graduation Policies | dcps,pdf,"At DC Public Schools (DCPS), we know that students excel when families, educators, school staff, and community members work together. Our policies and implementation guides set clear expectations about the standards of excellence, as well as what supports DCPS will provide along the way. The Pre-K to Graduation: A Policy Guide for Families provides answers to frequently asked questions about topics including attendance, discipline, grading and promotion, credit recovery, and graduation.",https://dcps.dc.gov/prektograduation
108,Pre-K to Graduation: A Policy Guide For Families: Vietnamese,https://dcps.dc.gov/sites/default/files/dc/sites/dcps/page_content/attachments/Pre-KtoGraduation-APolicyGuideforFamilies-Vietnamese.pdf,Pre-K to Graduation Policies | dcps,pdf,"At DC Public Schools (DCPS), we know that students excel when families, educators, school staff, and community members work together. Our policies and implementation guides set clear expectations about the standards of excellence, as well as what supports DCPS will provide along the way. The Pre-K to Graduation: A Policy Guide for Families provides answers to frequently asked questions about topics including attendance, discipline, grading and promotion, credit recovery, and graduation.",https://dcps.dc.gov/prektograduation
109,DCPS Fast Facts 2022.pdf,https://dcps.dc.gov/sites/default/files/dc/sites/dcps/publication/attachments/DCPS%20Fast%20Facts%202022.pdf,DCPS Fast Facts | dcps,pdf,Download a fact sheet about DC Public Schools.,https://dcps.dc.gov/node/1227376
110,Guide sur l'accès aux langues pour les parents,/sites/default/files/dc/sites/dcps/page_content/attachments/Language-Access-Brochure.pdf,DCPS en Français | dcps,pdf,"This page contains information about DCPS services for French speakers. DCPS parle votre langue ! Bienvenue aux écoles publiques du District de Columbia ! Lorsque vous nous appelez ou rendez visite à nous, un membre du personnel peut vous aider dans votre langue par le biais d’un interprète en personne ou par téléphone gratuitement.",https://dcps.dc.gov/node/987312
111,DCPS School Directory SY 2022-2023.pdf,https://dcps.dc.gov/sites/default/files/dc/sites/dcps/publication/attachments/DCPS%20School%20Directory%20SY%202022-2023.pdf,Printable School Directory | dcps,pdf,DCPS School Directory for School Year 2022-2023,https://dcps.dc.gov/publication/printable-school-directory
112,Curriculum at DCPS,https://dcps.dc.gov/sites/default/files/dc/sites/dcps/publication/attachments/DCPS%20Curriculum%20Pillar%2004122017.pdf,Curriculum at DCPS | dcps,pdf,"The DC Public Schools (DCPS) curriculum is designed for discovery and delight. Developed by, for, and with DCPS teachers, our units of study contain high-quality resources that teachers can adapt to meet their students’ individual needs. Our student-centered lessons focus on inquiry and investigation. They harness the power of well-crafted questions to build students’ knowledge and skills. From pre-K through graduation, lessons engage students and develop their ability to think critically and make sense of their community and the world.",https://dcps.dc.gov/publication/curriculum-dcps
113,View more information,https://dcps.dc.gov/sites/default/files/dc/sites/dcps/page_content/attachments/2019%20NAEP%20Results_FINAL.pdf,DCPS at a Glance: Performance | dcps,pdf,"National Assessment of Educational Progress (NAEP) Trial Urban District Assessment (TUDA) For the ninth year, DC Public Schools (DCPS) has continued steady growth on the NAEP TUDA, which assesses and compares student performance across urban school districts in large cities.",https://dcps.dc.gov/page/dcps-glance-performance
114,NAEP 2019 Results,https://dcps.dc.gov/sites/default/files/dc/sites/dcps/page_content/attachments/2019%20NAEP%20Results_FINAL.pdf,DCPS at a Glance: Performance | dcps,pdf,"National Assessment of Educational Progress (NAEP) Trial Urban District Assessment (TUDA) For the ninth year, DC Public Schools (DCPS) has continued steady growth on the NAEP TUDA, which assesses and compares student performance across urban school districts in large cities.",https://dcps.dc.gov/page/dcps-glance-performance
115,Review DCPS' Head Start Annual Report for School Year 2021-2022,https://dcps.dc.gov/sites/default/files/dc/sites/dcps/page_content/attachments/DCPS-HeadStart-Annual22-5S.pdf,Early Learning | dcps,pdf,"Washington, DC has a long history as a leader in providing early childhood education (ECE) and leads the nation in access to Pre-K for both 3- and 4-year old children. Access to high-quality, affordable childcare is a critical need for families across the District, and DCPS is proud to provide free, universal Pre-K in a school environment to ensure all of our young learners are ready for kindergarten. Many of the very best Pre-K classrooms in the region can be found in DCPS!",https://dcps.dc.gov/ece
116,DCPS-HeadStart-Annual22-5S.pdf,https://dcps.dc.gov/sites/default/files/dc/sites/dcps/page_content/attachments/DCPS-HeadStart-Annual22-5S.pdf,Early Learning | dcps,pdf,"Washington, DC has a long history as a leader in providing early childhood education (ECE) and leads the nation in access to Pre-K for both 3- and 4-year old children. Access to high-quality, affordable childcare is a critical need for families across the District, and DCPS is proud to provide free, universal Pre-K in a school environment to ensure all of our young learners are ready for kindergarten. Many of the very best Pre-K classrooms in the region can be found in DCPS!",https://dcps.dc.gov/ece
117,PK and K Enrollment Promotions and Retentions FAQs for Parents and Guardians 12-2022 - English,https://dcps.dc.gov/sites/default/files/dc/sites/dcps/page_content/attachments/Pre-Kindergarten%20and%20Kindergarten%20Enrollment%2C%20Promotions%2C%20and%20Retentions%20FAQs%20for%20Parents%20and%20Guardians%20December%202022.pdf,Early Learning | dcps,pdf,"Washington, DC has a long history as a leader in providing early childhood education (ECE) and leads the nation in access to Pre-K for both 3- and 4-year old children. Access to high-quality, affordable childcare is a critical need for families across the District, and DCPS is proud to provide free, universal Pre-K in a school environment to ensure all of our young learners are ready for kindergarten. Many of the very best Pre-K classrooms in the region can be found in DCPS!",https://dcps.dc.gov/ece
118,PK and K Enrollment Promotions and Retentions FAQs for Parents and Guardians 12-2022 - Spanish,https://dcps.dc.gov/sites/default/files/dc/sites/dcps/page_content/attachments/Pre-Kindergarten%20and%20Kindergarten%20Enrollment%2C%20Promotions%2C%20and%20Retentions%20FAQs%20for%20Parents%20and%20Guardians%20December%202022_Spanish.pdf,Early Learning | dcps,pdf,"Washington, DC has a long history as a leader in providing early childhood education (ECE) and leads the nation in access to Pre-K for both 3- and 4-year old children. Access to high-quality, affordable childcare is a critical need for families across the District, and DCPS is proud to provide free, universal Pre-K in a school environment to ensure all of our young learners are ready for kindergarten. Many of the very best Pre-K classrooms in the region can be found in DCPS!",https://dcps.dc.gov/ece
119,PK and K Enrollment Promotions and Retentions FAQs for Parents and Guardians 12-2022 - Amharic,https://dcps.dc.gov/sites/default/files/dc/sites/dcps/page_content/attachments/Pre-Kindergarten%20and%20Kindergarten%20Enrollment%2C%20Promotions%2C%20and%20Retentions%20FAQs%20for%20Parents%20and%20Guardians%20December%202022_Amharic.pdf,Early Learning | dcps,pdf,"Washington, DC has a long history as a leader in providing early childhood education (ECE) and leads the nation in access to Pre-K for both 3- and 4-year old children. Access to high-quality, affordable childcare is a critical need for families across the District, and DCPS is proud to provide free, universal Pre-K in a school environment to ensure all of our young learners are ready for kindergarten. Many of the very best Pre-K classrooms in the region can be found in DCPS!",https://dcps.dc.gov/ece
120,PK and K Enrollment Promotions and Retentions FAQs for Parents and Guardians 12-2022 - French,https://dcps.dc.gov/sites/default/files/dc/sites/dcps/page_content/attachments/Pre-Kindergarten%20and%20Kindergarten%20Enrollment%2C%20Promotions%2C%20and%20Retentions%20FAQs%20for%20Parents%20and%20Guardians%20December%202022_French.pdf,Early Learning | dcps,pdf,"Washington, DC has a long history as a leader in providing early childhood education (ECE) and leads the nation in access to Pre-K for both 3- and 4-year old children. Access to high-quality, affordable childcare is a critical need for families across the District, and DCPS is proud to provide free, universal Pre-K in a school environment to ensure all of our young learners are ready for kindergarten. Many of the very best Pre-K classrooms in the region can be found in DCPS!",https://dcps.dc.gov/ece
121,PK and K Enrollment Promotions and Retentions FAQs for Parents and Guardians 12-2022 - Chinese,https://dcps.dc.gov/sites/default/files/dc/sites/dcps/page_content/attachments/Pre-Kindergarten%20and%20Kindergarten%20Enrollment%2C%20Promotions%2C%20and%20Retentions%20FAQs%20for%20Parents%20and%20Guardians%20December%202022_Chinese.pdf,Early Learning | dcps,pdf,"Washington, DC has a long history as a leader in providing early childhood education (ECE) and leads the nation in access to Pre-K for both 3- and 4-year old children. Access to high-quality, affordable childcare is a critical need for families across the District, and DCPS is proud to provide free, universal Pre-K in a school environment to ensure all of our young learners are ready for kindergarten. Many of the very best Pre-K classrooms in the region can be found in DCPS!",https://dcps.dc.gov/ece
122,PK and K Enrollment Promotions and Retentions FAQs for Parents and Guardians 12-2022 - Vietnamese,https://dcps.dc.gov/sites/default/files/dc/sites/dcps/page_content/attachments/Pre-Kindergarten%20and%20Kindergarten%20Enrollment%20Promotions%20and%20Retentions%20FAQs%20for%20Parents%20and%20Guardians%20December%202022_Vietnamese.pdf,Early Learning | dcps,pdf,"Washington, DC has a long history as a leader in providing early childhood education (ECE) and leads the nation in access to Pre-K for both 3- and 4-year old children. Access to high-quality, affordable childcare is a critical need for families across the District, and DCPS is proud to provide free, universal Pre-K in a school environment to ensure all of our young learners are ready for kindergarten. Many of the very best Pre-K classrooms in the region can be found in DCPS!",https://dcps.dc.gov/ece
123,Elementary School Attendance Tips.pdf,https://dcps.dc.gov/sites/default/files/dc/sites/dcps/page_content/attachments/Elementary%20School%20Attendance%20Tips.pdf,DCPS at a Glance: Attendance | dcps,pdf,"At DC Public Schools, we want every student to feel loved, challenged, and prepared to positively influence society and thrive in life. To reach this ambitious goal, every student needs to be in school every day. However, too many of the young people in our city are not coming to school every day. ",https://dcps.dc.gov/attendance
124,Prek and Kindergarten Attendance Tips.pdf,https://dcps.dc.gov/sites/default/files/dc/sites/dcps/page_content/attachments/Prek%20and%20Kindergarten%20Attendance%20Tips.pdf,DCPS at a Glance: Attendance | dcps,pdf,"At DC Public Schools, we want every student to feel loved, challenged, and prepared to positively influence society and thrive in life. To reach this ambitious goal, every student needs to be in school every day. However, too many of the young people in our city are not coming to school every day. ",https://dcps.dc.gov/attendance
125,Middle and High School Attendance Tips.pdf,https://dcps.dc.gov/sites/default/files/dc/sites/dcps/page_content/attachments/Middle%20and%20High%20School%20Attendance%20Tips.pdf,DCPS at a Glance: Attendance | dcps,pdf,"At DC Public Schools, we want every student to feel loved, challenged, and prepared to positively influence society and thrive in life. To reach this ambitious goal, every student needs to be in school every day. However, too many of the young people in our city are not coming to school every day. ",https://dcps.dc.gov/attendance
126,Remote Learning Attendance Tips.pdf,https://dcps.dc.gov/sites/default/files/dc/sites/dcps/page_content/attachments/Remote%20Learning%20Attendance%20Tips.pdf,DCPS at a Glance: Attendance | dcps,pdf,"At DC Public Schools, we want every student to feel loved, challenged, and prepared to positively influence society and thrive in life. To reach this ambitious goal, every student needs to be in school every day. However, too many of the young people in our city are not coming to school every day. ",https://dcps.dc.gov/attendance
127,Starting the School Year with Strong Attendance.pdf,https://dcps.dc.gov/sites/default/files/dc/sites/dcps/page_content/attachments/Starting%20the%20School%20Year%20with%20Strong%20Attendance.pdf,DCPS at a Glance: Attendance | dcps,pdf,"At DC Public Schools, we want every student to feel loved, challenged, and prepared to positively influence society and thrive in life. To reach this ambitious goal, every student needs to be in school every day. However, too many of the young people in our city are not coming to school every day. ",https://dcps.dc.gov/attendance
128,Tips for Success.pdf,https://dcps.dc.gov/sites/default/files/dc/sites/dcps/page_content/attachments/Tips%20for%20Success.pdf,DCPS at a Glance: Attendance | dcps,pdf,"At DC Public Schools, we want every student to feel loved, challenged, and prepared to positively influence society and thrive in life. To reach this ambitious goal, every student needs to be in school every day. However, too many of the young people in our city are not coming to school every day. ",https://dcps.dc.gov/attendance
129,Learn more about this device,/sites/default/files/dc/sites/dcps/page_content/attachments/Surface-Go-for-students.pdf,Empowered Learners Initiative (ELi) | dcps,pdf,missing,https://dcps.dc.gov/page/empowered-learners-initiative-eli-0
130,The Empowered Learners Initiative: 3-Year Technology Integration Roadmap,/sites/default/files/dc/sites/dcps/page_content/attachments/Empowered-Learners-Initiative-Plan-Final.pdf,Empowered Learners Initiative (ELi) | dcps,pdf,missing,https://dcps.dc.gov/page/empowered-learners-initiative-eli-0
131,ELi Frequently Asked Questions for Families - English,https://dcps.dc.gov/sites/default/files/dc/sites/dcps/page_content/attachments/ELIFrequentlyAskedQuestionsforFamilies-English.pdf,Empowered Learners Initiative (ELi) | dcps,pdf,missing,https://dcps.dc.gov/page/empowered-learners-initiative-eli-0
132,ELi Frequently Asked Questions for Families - Amharic,https://dcps.dc.gov/sites/default/files/dc/sites/dcps/page_content/attachments/ELiFrequentlyAskedQuestionsforFamilies-Amharic.pdf,Empowered Learners Initiative (ELi) | dcps,pdf,missing,https://dcps.dc.gov/page/empowered-learners-initiative-eli-0
133,ELi Frequently Asked Questions for Families - Chinese,https://dcps.dc.gov/sites/default/files/dc/sites/dcps/page_content/attachments/ELiFrequentlyAskedQuestionsforFamilies-Chinese.pdf,Empowered Learners Initiative (ELi) | dcps,pdf,missing,https://dcps.dc.gov/page/empowered-learners-initiative-eli-0
134,ELi Frequently Asked Questions for Families - French,https://dcps.dc.gov/sites/default/files/dc/sites/dcps/page_content/attachments/ELiFrequentlyAskedQuestionsforFamilies-French.pdf,Empowered Learners Initiative (ELi) | dcps,pdf,missing,https://dcps.dc.gov/page/empowered-learners-initiative-eli-0
135,ELi Frequently Asked Questions for Families - Spanish,https://dcps.dc.gov/sites/default/files/dc/sites/dcps/page_content/attachments/ELiFrequentlyAskedQuestionsforFamilies-Spanish.pdf,Empowered Learners Initiative (ELi) | dcps,pdf,missing,https://dcps.dc.gov/page/empowered-learners-initiative-eli-0
136,ELi Frequently Asked Questions for Families - Vietnamese,https://dcps.dc.gov/sites/default/files/dc/sites/dcps/page_content/attachments/ELiFrequentlyAskedQuestionsforFamilies-Vietnamese.pdf,Empowered Learners Initiative (ELi) | dcps,pdf,missing,https://dcps.dc.gov/page/empowered-learners-initiative-eli-0
137,Appointment of Principals and Assistant Principals,/sites/default/files/dc/sites/dcps/page_content/attachments/FINAL-RULE-Appointment-of-Principals-and-Asst-Principals_Rev1-6-2021.pdf,Open Government and FOIA - DCPS | dcps,pdf,"Open Government Material The District is committed to a transparent, open form of government. District agency websites are required to make certain records available online to the public, if those records exist. In cases where these records exist but are not yet available online, agencies are working to provide them as soon as possible. If you have any questions, please contact the agency’s FOIA Officer.",https://dcps.dc.gov/page/open-government-and-foia-dcps
138,DCPS Process and Requirements to Conduct Research or Obtain Confidential Data,/sites/default/files/dc/sites/dcps/page_content/attachments/DCPS_Process_Requirements_Conduct_Research_Obtain_Confidential_Data-92021.pdf,Conduct Research or Obtain Confidential Data at DCPS | dcps,pdf,"Thank you for your interest in conducting research in DC Public Schools! We want to make DCPS the best urban school district in the country. To this end, we welcome high-quality research in DCPS. We strive to create favorable conditions for research while respecting instructional time and individual privacy.  For existing publicly available data sets, visit dcps.dc.gov/service/dcps-downloadable-data-sets.",https://dcps.dc.gov/page/conduct-research-or-obtain-confidential-data-dcps
139,cover sheet,/sites/default/files/dc/sites/dcps/page_content/attachments/Cover-Sheet_2021.docx,Conduct Research or Obtain Confidential Data at DCPS | dcps,docx,"Thank you for your interest in conducting research in DC Public Schools! We want to make DCPS the best urban school district in the country. To this end, we welcome high-quality research in DCPS. We strive to create favorable conditions for research while respecting instructional time and individual privacy.  For existing publicly available data sets, visit dcps.dc.gov/service/dcps-downloadable-data-sets.",https://dcps.dc.gov/page/conduct-research-or-obtain-confidential-data-dcps
140,Cover Sheet,/sites/default/files/dc/sites/dcps/page_content/attachments/Cover-Sheet_2021.docx,Conduct Research or Obtain Confidential Data at DCPS | dcps,docx,"Thank you for your interest in conducting research in DC Public Schools! We want to make DCPS the best urban school district in the country. To this end, we welcome high-quality research in DCPS. We strive to create favorable conditions for research while respecting instructional time and individual privacy.  For existing publicly available data sets, visit dcps.dc.gov/service/dcps-downloadable-data-sets.",https://dcps.dc.gov/page/conduct-research-or-obtain-confidential-data-dcps
141,《家长语言协助指南》,/sites/default/files/dc/sites/dcps/page_content/attachments/Language-Access-Brochure.pdf,DCPS in Chinese (中文) | dcps,pdf,This page contains information about DCPS services for Mandarin speakers. DCPS使用您的母语！ 欢迎来到华府公立学校(DCPS)。当您致电或拜访我们时，工作人员可以通过口译员或电话提供口译服务，以您的母语为您提供帮助。这项服务是免费的。 如果您需要用您的母语与孩子的学校或任何DCPS办公室进行交流，请告知我们。您可以告诉孩子的老师、学校校长，或致电(202)868-6508与DCPS语言协助科联系。 您还可以下载并打印 《家长语言协助指南》，它包括“我说”卡。当您访问孩子的学校或DCPS办公室时，请带上它，以寻求语言帮助。如需更多信息，请观看这个视频，了解可用的语言服务。,https://dcps.dc.gov/node/987402
142,hướng dẫn phụ huynh truy cập ngôn ngữ của mình,/sites/default/files/dc/sites/dcps/page_content/attachments/Language-Access-Brochure.pdf,DCPS in Vietnamese (Tiếng Việt) | dcps,pdf,"This page contains information about DCPS services for Vietnamese speakers. DCPS nói ngôn ngữ của bạn! Chào mừng bạn đến với các trường công lập DC (DCPS). Khi bạn gọi điện hoặc ghé thăm chúng tôi, một nhân viên có thể giúp bạn bằng ngôn ngữ của bạn thông qua một phiên dịch trực tiếp hoặc qua điện thoại, miễn phí cho bạn.",https://dcps.dc.gov/node/987412
143,Hướng dẫn phụ huynh truy cập ngôn ngữ của mình,/sites/default/files/dc/sites/dcps/page_content/attachments/Language-Access-Brochure.pdf,DCPS in Vietnamese (Tiếng Việt) | dcps,pdf,"This page contains information about DCPS services for Vietnamese speakers. DCPS nói ngôn ngữ của bạn! Chào mừng bạn đến với các trường công lập DC (DCPS). Khi bạn gọi điện hoặc ghé thăm chúng tôi, một nhân viên có thể giúp bạn bằng ngôn ngữ của bạn thông qua một phiên dịch trực tiếp hoặc qua điện thoại, miễn phí cho bạn.",https://dcps.dc.gov/node/987412
144,community service form,https://dcps.dc.gov/sites/default/files/dc/sites/dcps/page_content/attachments/Fillable_Community_Service_Hours_Form.pdf,Community Service | dcps,pdf,"Established in 1992, The District of Columbia’s Community Service Requirement aims to equip students with the necessary skills and abilities for career and educational advancement as well as motivate students to take an active role as leaders in their communities. DC Municipal Regulations require at least 100 hours of volunteer community service in order for students to graduate.",https://dcps.dc.gov/page/community-service
145,DCPS Community Service Hours Verification Form,https://dcps.dc.gov/sites/default/files/dc/sites/dcps/page_content/attachments/Fillable_Community_Service_Hours_Form.pdf,Community Service | dcps,pdf,"Established in 1992, The District of Columbia’s Community Service Requirement aims to equip students with the necessary skills and abilities for career and educational advancement as well as motivate students to take an active role as leaders in their communities. DC Municipal Regulations require at least 100 hours of volunteer community service in order for students to graduate.",https://dcps.dc.gov/page/community-service
146,Community Service FAQs for Schools and Staff,https://dcps.dc.gov/sites/default/files/dc/sites/dcps/page_content/attachments/Community_Service_FAQs_for_Staff_FINAL.pdf,Community Service | dcps,pdf,"Established in 1992, The District of Columbia’s Community Service Requirement aims to equip students with the necessary skills and abilities for career and educational advancement as well as motivate students to take an active role as leaders in their communities. DC Municipal Regulations require at least 100 hours of volunteer community service in order for students to graduate.",https://dcps.dc.gov/page/community-service
147,FAQ for organizations,/sites/default/files/dc/sites/dcps/page_content/attachments/Community_Service_FAQs_for_Organizations_FINAL.pdf,Community Service | dcps,pdf,"Established in 1992, The District of Columbia’s Community Service Requirement aims to equip students with the necessary skills and abilities for career and educational advancement as well as motivate students to take an active role as leaders in their communities. DC Municipal Regulations require at least 100 hours of volunteer community service in order for students to graduate.",https://dcps.dc.gov/page/community-service
148,Dual Language Guide (English),https://dcps.dc.gov/sites/default/files/dc/sites/dcps/page_content/attachments/DL%20Profile%20SY%2018-19_Eng.pdf,Dual Language Programs | dcps,pdf,"What is Dual Language Education? Dual Language Education is an educational program in which students study grade level content in two languages. Students typically enter the program in the early years and develop reading, writing, listening, and speaking skills in a second language over the course of a number of years. The long-term goals of Dual Language education programs are:",https://dcps.dc.gov/DL
149,Dual Language Guide (Spanish),https://dcps.dc.gov/sites/default/files/dc/sites/dcps/page_content/attachments/DL%20Profile%20SY%2018-19_Esp.pdf,Dual Language Programs | dcps,pdf,"What is Dual Language Education? Dual Language Education is an educational program in which students study grade level content in two languages. Students typically enter the program in the early years and develop reading, writing, listening, and speaking skills in a second language over the course of a number of years. The long-term goals of Dual Language education programs are:",https://dcps.dc.gov/DL
150,Afterschool Webpage Translation - Amharic,https://dcps.dc.gov/sites/default/files/dc/sites/dcps/page_content/attachments/SY22-23-Afterschool-Webpage-Translation_Amharic.pdf,Afterschool Programs | dcps,pdf,"In School Year 2022-2023, afterschool programs managed by Out of School Time Programs (OSTP) will be offered in 55 schools. Schools not participating in OSTP afterschool programs may offer their own programs to students. Please contact your student’s school for more information.",https://dcps.dc.gov/afterschool
151,Afterschool Webpage Translation - Chinese,https://dcps.dc.gov/sites/default/files/dc/sites/dcps/page_content/attachments/SY22-23-Afterschool-Webpage-Translation_Chinese.pdf,Afterschool Programs | dcps,pdf,"In School Year 2022-2023, afterschool programs managed by Out of School Time Programs (OSTP) will be offered in 55 schools. Schools not participating in OSTP afterschool programs may offer their own programs to students. Please contact your student’s school for more information.",https://dcps.dc.gov/afterschool
152,Afterschool Webpage Translation - Spanish,https://dcps.dc.gov/sites/default/files/dc/sites/dcps/page_content/attachments/SY22-23-Afterschool-Webpage-Translation_Spanish.pdf,Afterschool Programs | dcps,pdf,"In School Year 2022-2023, afterschool programs managed by Out of School Time Programs (OSTP) will be offered in 55 schools. Schools not participating in OSTP afterschool programs may offer their own programs to students. Please contact your student’s school for more information.",https://dcps.dc.gov/afterschool
153,Learn more about this process,/sites/default/files/dc/sites/dcps/page_content/attachments/Title-IX%20Process%20Flow%20Chart.pdf,About Title IX and Frequently Asked Questions | dcps,pdf,"Students at DC Public Schools (DCPS) should feel loved in an educational environment free of sexual harassment, sex-based discrimination or sexual misconduct. Any harassment or discrimination that occurs within a program or activity of DCPS, including all online instruction, is subject to DCPS policies. For more information please review the Frequently Asked Questions below.",https://dcps.dc.gov/page/about-title-ix-and-frequently-asked-questions
154,Section 405 Notice of Final Rulemaking,https://dcps.dc.gov/sites/default/files/dc/sites/dcps/publication/attachments/DCPSGrievanceProceduresforParentsGuardiansandVisitors_0.pdf,About Title IX and Frequently Asked Questions | dcps,pdf,"Students at DC Public Schools (DCPS) should feel loved in an educational environment free of sexual harassment, sex-based discrimination or sexual misconduct. Any harassment or discrimination that occurs within a program or activity of DCPS, including all online instruction, is subject to DCPS policies. For more information please review the Frequently Asked Questions below.",https://dcps.dc.gov/page/about-title-ix-and-frequently-asked-questions
155,Section 2405 Student Grievance Procedure,/sites/default/files/dc/sites/dcps/page_content/attachments/Section2405StudentGrievanceProcedure.pdf,About Title IX and Frequently Asked Questions | dcps,pdf,"Students at DC Public Schools (DCPS) should feel loved in an educational environment free of sexual harassment, sex-based discrimination or sexual misconduct. Any harassment or discrimination that occurs within a program or activity of DCPS, including all online instruction, is subject to DCPS policies. For more information please review the Frequently Asked Questions below.",https://dcps.dc.gov/page/about-title-ix-and-frequently-asked-questions
156,Prevention of Student Sexual Abuse by Staff,/sites/default/files/dc/sites/dcps/page_content/attachments/PreventionofStudentSexualAbusebyStaff.pdf,About Title IX and Frequently Asked Questions | dcps,pdf,"Students at DC Public Schools (DCPS) should feel loved in an educational environment free of sexual harassment, sex-based discrimination or sexual misconduct. Any harassment or discrimination that occurs within a program or activity of DCPS, including all online instruction, is subject to DCPS policies. For more information please review the Frequently Asked Questions below.",https://dcps.dc.gov/page/about-title-ix-and-frequently-asked-questions
157,Grievance Points of Contacts,https://dcps.dc.gov/sites/default/files/dc/sites/dcps/page_content/attachments/Grievance_POC.pdf,About Title IX and Frequently Asked Questions | dcps,pdf,"Students at DC Public Schools (DCPS) should feel loved in an educational environment free of sexual harassment, sex-based discrimination or sexual misconduct. Any harassment or discrimination that occurs within a program or activity of DCPS, including all online instruction, is subject to DCPS policies. For more information please review the Frequently Asked Questions below.",https://dcps.dc.gov/page/about-title-ix-and-frequently-asked-questions
